wf_m_per_s,flow,pco_percent
-3.5,Q=0.792,100.000000
-3.4,Q=0.792,100.000000
-3.3,Q=0.792,100.000000
-3.2,Q=0.792,100.000000
-3.1,Q=0.792,100.000000
-3,Q=0.792,100.000000
-2.9,Q=0.792,100.000000
-2.8,Q=0.792,100.000000
-2.7,Q=0.792,100.000000
-2.6,Q=0.792,100.000000
-2.5,Q=0.792,100.000000
-2.4,Q=0.792,100.000000
-2.3,Q=0.792,100.000000
-2.2,Q=0.792,100.000000
-2.1,Q=0.792,100.000000
-2,Q=0.792,100.000000
-1.9,Q=0.792,100.000000
-1.8,Q=0.792,100.000000
-1.7,Q=0.792,100.000000
-1.6,Q=0.792,100.000000
-1.5,Q=0.792,100.000000
-1.4,Q=0.792,100.000000
-1.3,Q=0.792,100.000000
-1.2,Q=0.792,100.000000
-1.1,Q=0.792,100.000000
-1,Q=0.792,100.000000
-0.9,Q=0.792,100.000000
-0.8,Q=0.792,100.000000
-0.7,Q=0.792,100.000000
-0.6,Q=0.792,100.000000
-0.5,Q=0.792,97.050430
-0.4,Q=0.792,91.825007
-0.3,Q=0.792,87.133534
-0.2,Q=0.792,82.898147
-0.1,Q=0.792,79.055421
0,Q=0.792,75.553169
0.1,Q=0.792,72.348062
0.2,Q=0.792,69.403822
0.3,Q=0.792,66.689845
0.4,Q=0.792,64.180137
0.5,Q=0.792,61.852471
0.6,Q=0.792,59.687734
0.7,Q=0.792,57.669398
0.8,Q=0.792,55.783097
0.9,Q=0.792,54.016285
1,Q=0.792,52.357957
1.1,Q=0.792,50.798420
1.2,Q=0.792,49.329100
1.3,Q=0.792,47.942389
1.4,Q=0.792,46.631512
1.5,Q=0.792,45.390412
1.6,Q=0.792,44.213664
1.7,Q=0.792,43.096388
1.8,Q=0.792,42.034188
1.9,Q=0.792,41.023088
2,Q=0.792,40.059488
2.1,Q=0.792,39.140118
2.2,Q=0.792,38.262000
2.3,Q=0.792,37.422419
2.4,Q=0.792,36.618893
2.5,Q=0.792,35.849148
2.6,Q=0.792,35.111097
2.7,Q=0.792,34.402823
2.8,Q=0.792,33.722559
2.9,Q=0.792,33.068675
3,Q=0.792,32.439667
3.1,Q=0.792,31.834142
3.2,Q=0.792,31.250808
3.3,Q=0.792,30.688467
3.4,Q=0.792,30.146007
3.5,Q=0.792,29.622391
-3.5,Q=1.06,100.000000
-3.4,Q=1.06,100.000000
-3.3,Q=1.06,100.000000
-3.2,Q=1.06,100.000000
-3.1,Q=1.06,100.000000
-3,Q=1.06,100.000000
-2.9,Q=1.06,100.000000
-2.8,Q=1.06,100.000000
-2.7,Q=1.06,100.000000
-2.6,Q=1.06,100.000000
-2.5,Q=1.06,100.000000
-2.4,Q=1.06,100.000000
-2.3,Q=1.06,100.000000
-2.2,Q=1.06,100.000000
-2.1,Q=1.06,100.000000
-2,Q=1.06,100.000000
-1.9,Q=1.06,100.000000
-1.8,Q=1.06,100.000000
-1.7,Q=1.06,100.000000
-1.6,Q=1.06,100.000000
-1.5,Q=1.06,100.000000
-1.4,Q=1.06,100.000000
-1.3,Q=1.06,99.751019
-1.2,Q=1.06,94.238997
-1.1,Q=1.06,89.304240
-1,Q=1.06,84.860578
-0.9,Q=1.06,80.838176
-0.8,Q=1.06,77.179842
-0.7,Q=1.06,73.838288
-0.6,Q=1.06,70.774077
-0.5,Q=1.06,67.954054
-0.4,Q=1.06,65.350150
-0.3,Q=1.06,62.938438
-0.2,Q=1.06,60.698396
-0.1,Q=1.06,58.612325
0,Q=1.06,56.664877
0.1,Q=1.06,54.842679
0.2,Q=1.06,53.134024
0.3,Q=1.06,51.528621
0.4,Q=1.06,50.017384
0.5,Q=1.06,48.592265
0.6,Q=1.06,47.246107
0.7,Q=1.06,45.972524
0.8,Q=1.06,44.765800
0.9,Q=1.06,43.620807
1,Q=1.06,42.532925
1.1,Q=1.06,41.497985
1.2,Q=1.06,40.512214
1.3,Q=1.06,39.572190
1.4,Q=1.06,38.674800
1.5,Q=1.06,37.817208
1.6,Q=1.06,36.996825
1.7,Q=1.06,36.211279
1.8,Q=1.06,35.458399
1.9,Q=1.06,34.736188
2,Q=1.06,34.042809
2.1,Q=1.06,33.376570
2.2,Q=1.06,32.735908
2.3,Q=1.06,32.119378
2.4,Q=1.06,31.525641
2.5,Q=1.06,30.953456
2.6,Q=1.06,30.401672
2.7,Q=1.06,29.869215
2.8,Q=1.06,29.355088
2.9,Q=1.06,28.858361
3,Q=1.06,28.378165
3.1,Q=1.06,27.913687
3.2,Q=1.06,27.464170
3.3,Q=1.06,27.028901
3.4,Q=1.06,26.607213
3.5,Q=1.06,26.198481
-3.5,Q=1.32 (design),100.000000
-3.4,Q=1.32 (design),100.000000
-3.3,Q=1.32 (design),100.000000
-3.2,Q=1.32 (design),100.000000
-3.1,Q=1.32 (design),100.000000
-3,Q=1.32 (design),100.000000
-2.9,Q=1.32 (design),100.000000
-2.8,Q=1.32 (design),100.000000
-2.7,Q=1.32 (design),100.000000
-2.6,Q=1.32 (design),100.000000
-2.5,Q=1.32 (design),100.000000
-2.4,Q=1.32 (design),100.000000
-2.3,Q=1.32 (design),100.000000
-2.2,Q=1.32 (design),100.000000
-2.1,Q=1.32 (design),100.000000
-2,Q=1.32 (design),96.783335
-1.9,Q=1.32 (design),91.585865
-1.8,Q=1.32 (design),86.918175
-1.7,Q=1.32 (design),82.703192
-1.6,Q=1.32 (design),78.878102
-1.5,Q=1.32 (design),75.391197
-1.4,Q=1.32 (design),72.199527
-1.3,Q=1.32 (design),69.267119
-1.2,Q=1.32 (design),66.563615
-1.1,Q=1.32 (design),64.063220
-1,Q=1.32 (design),61.743874
-0.9,Q=1.32 (design),59.586599
-0.8,Q=1.32 (design),57.574982
-0.7,Q=1.32 (design),55.694752
-0.6,Q=1.32 (design),53.933443
-0.5,Q=1.32 (design),52.280120
-0.4,Q=1.32 (design),50.725147
-0.3,Q=1.32 (design),49.260002
-0.2,Q=1.32 (design),47.877119
-0.1,Q=1.32 (design),46.569760
0,Q=1.32 (design),45.331902
0.1,Q=1.32 (design),44.158146
0.2,Q=1.32 (design),43.043639
0.3,Q=1.32 (design),41.984005
0.4,Q=1.32 (design),40.975289
0.5,Q=1.32 (design),40.013907
0.6,Q=1.32 (design),39.096604
0.7,Q=1.32 (design),38.220416
0.8,Q=1.32 (design),37.382639
0.9,Q=1.32 (design),36.580802
1,Q=1.32 (design),35.812640
1.1,Q=1.32 (design),35.076077
1.2,Q=1.32 (design),34.369200
1.3,Q=1.32 (design),33.690252
1.4,Q=1.32 (design),33.037609
1.5,Q=1.32 (design),32.409771
1.6,Q=1.32 (design),31.805351
1.7,Q=1.32 (design),31.223062
1.8,Q=1.32 (design),30.661710
1.9,Q=1.32 (design),30.120187
2,Q=1.32 (design),29.597460
2.1,Q=1.32 (design),29.092567
2.2,Q=1.32 (design),28.604610
2.3,Q=1.32 (design),28.132752
2.4,Q=1.32 (design),27.676209
2.5,Q=1.32 (design),27.234247
2.6,Q=1.32 (design),26.806179
2.7,Q=1.32 (design),26.391359
2.8,Q=1.32 (design),25.989182
2.9,Q=1.32 (design),25.599078
3,Q=1.32 (design),25.220513
3.1,Q=1.32 (design),24.852980
3.2,Q=1.32 (design),24.496006
3.3,Q=1.32 (design),24.149142
3.4,Q=1.32 (design),23.811963
3.5,Q=1.32 (design),23.484071
-3.5,Q=1.58,100.000000
-3.4,Q=1.58,100.000000
-3.3,Q=1.58,100.000000
-3.2,Q=1.58,100.000000
-3.1,Q=1.58,100.000000
-3,Q=1.58,100.000000
-2.9,Q=1.58,100.000000
-2.8,Q=1.58,99.468875
-2.7,Q=1.58,93.987133
-2.6,Q=1.58,89.078032
-2.5,Q=1.58,84.656295
-2.4,Q=1.58,80.652780
-2.3,Q=1.58,77.010829
-2.2,Q=1.58,73.683578
-2.1,Q=1.58,70.631928
-2,Q=1.58,67.822998
-1.9,Q=1.58,65.228936
-1.8,Q=1.58,62.825998
-1.7,Q=1.58,60.593810
-1.6,Q=1.58,58.514799
-1.5,Q=1.58,56.573719
-1.4,Q=1.58,54.757285
-1.3,Q=1.58,53.053864
-1.2,Q=1.58,51.453228
-1.1,Q=1.58,49.946346
-1,Q=1.58,48.525215
-0.9,Q=1.58,47.182718
-0.8,Q=1.58,45.912504
-0.7,Q=1.58,44.708888
-0.6,Q=1.58,43.566767
-0.5,Q=1.58,42.481545
-0.4,Q=1.58,41.449073
-0.3,Q=1.58,40.465597
-0.2,Q=1.58,39.527710
-0.1,Q=1.58,38.632314
0,Q=1.58,37.776585
0.1,Q=1.58,36.957944
0.2,Q=1.58,36.174031
0.3,Q=1.58,35.422683
0.4,Q=1.58,34.701911
0.5,Q=1.58,34.009886
0.6,Q=1.58,33.344923
0.7,Q=1.58,32.705463
0.8,Q=1.58,32.090068
0.9,Q=1.58,31.497405
1,Q=1.58,30.926235
1.1,Q=1.58,30.375412
1.2,Q=1.58,29.843867
1.3,Q=1.58,29.330605
1.4,Q=1.58,28.834699
1.5,Q=1.58,28.355283
1.6,Q=1.58,27.891548
1.7,Q=1.58,27.442738
1.8,Q=1.58,27.008143
1.9,Q=1.58,26.587097
2,Q=1.58,26.178979
2.1,Q=1.58,25.783200
2.2,Q=1.58,25.399210
2.3,Q=1.58,25.026489
2.4,Q=1.58,24.664550
2.5,Q=1.58,24.312930
2.6,Q=1.58,23.971195
2.7,Q=1.58,23.638933
2.8,Q=1.58,23.315756
2.9,Q=1.58,23.001296
3,Q=1.58,22.695206
3.1,Q=1.58,22.397156
3.2,Q=1.58,22.106832
3.3,Q=1.58,21.823939
3.4,Q=1.58,21.548194
3.5,Q=1.58,21.279331
-3.5,Q=1.85,96.517707
-3.4,Q=1.85,91.347966
-3.3,Q=1.85,86.703878
-3.2,Q=1.85,82.509152
-3.1,Q=1.85,78.701577
-3,Q=1.85,75.229918
-2.9,Q=1.85,72.051601
-2.8,Q=1.85,69.130954
-2.7,Q=1.85,66.437862
-2.6,Q=1.85,63.946729
-2.5,Q=1.85,61.635658
-2.4,Q=1.85,59.485807
-2.3,Q=1.85,57.480874
-2.2,Q=1.85,55.606686
-2.1,Q=1.85,53.850855
-2,Q=1.85,52.202514
-1.9,Q=1.85,50.652086
-1.8,Q=1.85,49.191097
-1.7,Q=1.85,47.812026
-1.6,Q=1.85,46.508171
-1.5,Q=1.85,45.273542
-1.4,Q=1.85,44.102767
-1.3,Q=1.85,42.991019
-1.2,Q=1.85,41.933942
-1.1,Q=1.85,40.927602
-1,Q=1.85,39.968430
-0.9,Q=1.85,39.053187
-0.8,Q=1.85,38.178922
-0.7,Q=1.85,37.342943
-0.6,Q=1.85,36.542790
-0.5,Q=1.85,35.776207
-0.4,Q=1.85,35.041126
-0.3,Q=1.85,34.335644
-0.2,Q=1.85,33.658007
-0.1,Q=1.85,33.006601
0,Q=1.85,32.379930
0.1,Q=1.85,31.776611
0.2,Q=1.85,31.195365
0.3,Q=1.85,30.635000
0.4,Q=1.85,30.094411
0.5,Q=1.85,29.572571
0.6,Q=1.85,29.068519
0.7,Q=1.85,28.581362
0.8,Q=1.85,28.110265
0.9,Q=1.85,27.654445
1,Q=1.85,27.213173
1.1,Q=1.85,26.785761
1.2,Q=1.85,26.371568
1.3,Q=1.85,25.969989
1.4,Q=1.85,25.580457
1.5,Q=1.85,25.202438
1.6,Q=1.85,24.835429
1.7,Q=1.85,24.478955
1.8,Q=1.85,24.132570
1.9,Q=1.85,23.795851
2,Q=1.85,23.468399
2.1,Q=1.85,23.149836
2.2,Q=1.85,22.839807
2.3,Q=1.85,22.537971
2.4,Q=1.85,22.244010
2.5,Q=1.85,21.957617
2.6,Q=1.85,21.678506
2.7,Q=1.85,21.406401
2.8,Q=1.85,21.141043
2.9,Q=1.85,20.882183
3,Q=1.85,20.629585
3.1,Q=1.85,20.383025
3.2,Q=1.85,20.142290
3.3,Q=1.85,19.907174
3.4,Q=1.85,19.677484
3.5,Q=1.85,19.453034
-3.5,Q=2.11,67.692445
-3.4,Q=2.11,65.108171
-3.3,Q=2.11,62.713958
-3.2,Q=2.11,60.489585
-3.1,Q=2.11,58.417597
-3,Q=2.11,56.482854
-2.9,Q=2.11,54.672157
-2.8,Q=2.11,52.973946
-2.7,Q=2.11,51.378056
-2.6,Q=2.11,49.875509
-2.5,Q=2.11,48.458349
-2.4,Q=2.11,47.119498
-2.3,Q=2.11,45.852640
-2.2,Q=2.11,44.652120
-2.1,Q=2.11,43.512861
-2,Q=2.11,42.430289
-1.9,Q=2.11,41.400277
-1.8,Q=2.11,40.419088
-1.7,Q=2.11,39.483331
-1.6,Q=2.11,38.589921
-1.5,Q=2.11,37.736048
-1.4,Q=2.11,36.919144
-1.3,Q=2.11,36.136859
-1.2,Q=2.11,35.387038
-1.1,Q=2.11,34.667702
-1,Q=2.11,33.977027
-0.9,Q=2.11,33.313335
-0.8,Q=2.11,32.675075
-0.7,Q=2.11,32.060813
-0.6,Q=2.11,31.469219
-0.5,Q=2.11,30.899062
-0.4,Q=2.11,30.349198
-0.3,Q=2.11,29.818562
-0.2,Q=2.11,29.306162
-0.1,Q=2.11,28.811076
0,Q=2.11,28.332438
0.1,Q=2.11,27.869445
0.2,Q=2.11,27.421339
0.3,Q=2.11,26.987416
0.4,Q=2.11,26.567012
0.5,Q=2.11,26.159505
0.6,Q=2.11,25.764310
0.7,Q=2.11,25.380879
0.8,Q=2.11,25.008692
0.9,Q=2.11,24.647263
1,Q=2.11,24.296133
1.1,Q=2.11,23.954866
1.2,Q=2.11,23.623053
1.3,Q=2.11,23.300308
1.4,Q=2.11,22.986262
1.5,Q=2.11,22.680569
1.6,Q=2.11,22.382900
1.7,Q=2.11,22.092944
1.8,Q=2.11,21.810404
1.9,Q=2.11,21.534999
2,Q=2.11,21.266462
2.1,Q=2.11,21.004541
2.2,Q=2.11,20.748992
2.3,Q=2.11,20.499587
2.4,Q=2.11,20.256107
2.5,Q=2.11,20.018342
2.6,Q=2.11,19.786095
2.7,Q=2.11,19.559174
2.8,Q=2.11,19.337400
2.9,Q=2.11,19.120598
3,Q=2.11,18.908604
3.1,Q=2.11,18.701259
3.2,Q=2.11,18.498412
3.3,Q=2.11,18.299919
3.4,Q=2.11,18.105640
3.5,Q=2.11,17.915442
