file,region,treatment,passage_type,leading_type,other_type,y_true,y_pred,true_class,pred_class,cv_fold,correct,confidence,prob_region_1,prob_region_2_3,prob_region_4_5
B300-0519082300,2,400_model,Leading edge strike,Direct,,1,1,region_2_3,region_2_3,4,True,0.6830293939655677,0.2312832115173535,0.6830293939655677,0.0856873945170787
B300-0520131059,1,400_model,Other impeller collision,,Impeller hub,0,1,region_1,region_2_3,4,False,0.48430086671797196,0.14015774118836316,0.48430086671797196,0.37554139209366494
B300-0529095859,1,400_model,Other impeller collision,,Impeller hub,0,0,region_1,region_1,4,True,0.677409434228508,0.677409434228508,0.23048970166537522,0.09210086410611681
B300-0529102203,4,400_model,Leading edge strike,Direct,,2,2,region_4_5,region_4_5,1,True,0.8118228507013104,0.13203793006614398,0.05613921923254556,0.8118228507013104
B300-0601121738,2,400_model,Leading edge strike,Direct,,1,2,region_2_3,region_4_5,4,False,0.48005915733323323,0.19008473809536608,0.32985610457140063,0.48005915733323323
B300-0601125311,2,400_model,Leading edge strike,Direct,,1,1,region_2_3,region_2_3,3,True,0.8282128959879111,0.0996294878397077,0.8282128959879111,0.07215761617238127
B300-0601131026,2,400_model,Leading edge strike,Direct,,1,1,region_2_3,region_2_3,4,True,0.46545988542505934,0.20544496631203918,0.46545988542505934,0.32909514826290137
B300-0601132024,4,400_model,Leading edge strike,Direct,,2,1,region_4_5,region_2_3,0,False,0.47224669566258837,0.18437791211987614,0.47224669566258837,0.34337539221753555
B300-0605122840,5,400_model,Leading edge strike,Direct,,2,2,region_4_5,region_4_5,3,True,0.5436577762151545,0.07872041371954266,0.3776218100653028,0.5436577762151545
B300-0608105547,4,400_model,Leading edge strike,Direct,,2,2,region_4_5,region_4_5,1,True,0.46082399982320854,0.2158934255678213,0.3232825746089701,0.46082399982320854
B300-0609143754,2,400_model,Leading edge strike,Direct,,1,1,region_2_3,region_2_3,1,True,0.6390621354010525,0.117612344284465,0.6390621354010525,0.2433255203144826
B300-0609151756,1,400_model,Other impeller collision,,Impeller hub,0,0,region_1,region_1,0,True,0.7276943449347637,0.7276943449347637,0.15697424241583838,0.11533141264939792
B300-0609153238,4,400_model,Leading edge strike,Direct,,2,2,region_4_5,region_4_5,0,True,0.7018191693678223,0.16885244476170286,0.12932838587047482,0.7018191693678223
B300-0610103513,1,400_model,Other impeller collision,,Impeller hub,0,0,region_1,region_1,0,True,0.42917310565844713,0.42917310565844713,0.23449224942970803,0.3363346449118448
B300-0611135117,2,400_model,Leading edge strike,Direct,,1,1,region_2_3,region_2_3,4,True,0.5985036723751926,0.25227516353887913,0.5985036723751926,0.14922116408592817
B300-0611140159,1,400_model,Other impeller collision,,Impeller hub,0,0,region_1,region_1,0,True,0.5071553466330186,0.5071553466330186,0.35181994946318645,0.14102470390379493
B300-0611152152,1,400_model,Other impeller collision,,Impeller hub,0,2,region_1,region_4_5,1,False,0.7530689264877026,0.14806599035892606,0.09886508315337132,0.7530689264877026
B300-0611154156,2,400_model,Leading edge strike,Direct,,1,2,region_2_3,region_4_5,3,False,0.7008242782995396,0.13067181342374903,0.1685039082767113,0.7008242782995396
B301-0519093744,3,400_model,Leading edge strike,Direct,,1,1,region_2_3,region_2_3,2,True,0.41743325910337636,0.208288957012005,0.41743325910337636,0.3742777838846187
B301-0519100123,2,400_model,Leading edge strike,Direct,,1,0,region_2_3,region_1,0,False,0.4498004391436025,0.4498004391436025,0.20724981597398293,0.34294974488241464
B301-0529093000,1,400_model,Other impeller collision,,Impeller hub,0,0,region_1,region_1,2,True,0.7695059686148752,0.7695059686148752,0.11378501589886955,0.11670901548625529
B301-0529100315,2,400_model,Leading edge strike,Direct,,1,1,region_2_3,region_2_3,0,True,0.5088530989186225,0.09727344200950591,0.5088530989186225,0.3938734590718716
B301-0601114450,2,400_model,Leading edge strike,Direct,,1,1,region_2_3,region_2_3,3,True,0.8087062663249829,0.14689136729582478,0.8087062663249829,0.044402366379192384
B301-0601130509,5,400_model,Leading edge strike,Direct,,2,2,region_4_5,region_4_5,0,True,0.7923000821137974,0.09720290769252879,0.11049701019367386,0.7923000821137974
B302-0519102428,4,400_model,Leading edge strike,Direct,,2,1,region_4_5,region_2_3,0,False,0.576245800753073,0.17134615626603672,0.576245800753073,0.2524080429808903
B302-0601123550,2,400_model,Leading edge strike,Direct,,1,0,region_2_3,region_1,1,False,0.41853575050923014,0.41853575050923014,0.33814177634957554,0.24332247314119437
B302-0601131206,2,400_model,Leading edge strike,Direct,,1,0,region_2_3,region_1,0,False,0.39345843980379464,0.39345843980379464,0.36552300423714634,0.24101855595905894
B302-0605121556,1,400_model,Other impeller collision,,Impeller hub,0,0,region_1,region_1,1,True,0.4418026202274327,0.4418026202274327,0.4403027531428767,0.11789462662969058
B302-0608111250,4,400_model,Leading edge strike,Direct,,2,2,region_4_5,region_4_5,1,True,0.3986595377196438,0.2399941942763404,0.36134626800401587,0.3986595377196438
B302-0608112944,4,400_model,Leading edge strike,Direct,,2,2,region_4_5,region_4_5,0,True,0.5167457913822,0.12736138356747972,0.3558928250503203,0.5167457913822
B302-0609144109,4,400_model,Leading edge strike,Direct,,2,1,region_4_5,region_2_3,4,False,0.47736204155444684,0.21085444980223528,0.47736204155444684,0.311783508643318
B302-0609150521,3,400_model,Leading edge strike,Direct,,1,1,region_2_3,region_2_3,0,True,0.5567179053865485,0.21533090684169892,0.5567179053865485,0.2279511877717526
B302-0609153539,3,400_model,Leading edge strike,Indirect,,1,2,region_2_3,region_4_5,1,False,0.39878841691483713,0.2727672227118029,0.3284443603733599,0.39878841691483713
B302-0609154610,4,400_model,Leading edge strike,Direct,,2,2,region_4_5,region_4_5,4,True,0.5795041839372898,0.18895945589234875,0.23153636017036147,0.5795041839372898
B302-0610105001,4,400_model,Leading edge strike,Direct,,2,2,region_4_5,region_4_5,2,True,0.692991842678264,0.17904121006293827,0.1279669472587978,0.692991842678264
B302-0610112748,2,400_model,Leading edge strike,Indirect,,1,1,region_2_3,region_2_3,1,True,0.7844653058887278,0.12775302566935826,0.7844653058887278,0.0877816684419139
B302-0611140355,3,400_model,Leading edge strike,Direct,,1,1,region_2_3,region_2_3,0,True,0.8702194063028317,0.028083110541505203,0.8702194063028317,0.10169748315566304
B302-0611144303,3,400_model,Leading edge strike,Direct,,1,2,region_2_3,region_4_5,1,False,0.5813547281362126,0.1654939059603076,0.25315136590347975,0.5813547281362126
B302-0611151726,2,400_model,Leading edge strike,Direct,,1,2,region_2_3,region_4_5,2,False,0.5005390374514419,0.11982984598843051,0.3796311165601276,0.5005390374514419
B302-0611154125,5,400_model,Leading edge strike,Direct,,2,2,region_4_5,region_4_5,1,True,0.5876948491830393,0.33736347272150746,0.07494167809545324,0.5876948491830393
B304-0519082600,3,400_model,Leading edge strike,Direct,,1,2,region_2_3,region_4_5,4,False,0.752884325964559,0.05563865809473847,0.1914770159407026,0.752884325964559
B304-0601134704,4,400_model,Leading edge strike,Direct,,2,2,region_4_5,region_4_5,2,True,0.477325987567192,0.12456854373302916,0.3981054686997788,0.477325987567192
B304-0605123934,4,400_model,Leading edge strike,Direct,,2,2,region_4_5,region_4_5,4,True,0.7287089623799621,0.13679617943249878,0.13449485818753903,0.7287089623799621
B304-0608105526,1,400_model,Other impeller collision,,Impeller hub,0,1,region_1,region_2_3,1,False,0.4374279358447121,0.3824842226032505,0.4374279358447121,0.18008784155203736
B304-0608111054,2,400_model,Leading edge strike,Direct,,1,1,region_2_3,region_2_3,2,True,0.5645580696185518,0.3660973423042255,0.5645580696185518,0.06934458807722263
B304-0608113050,4,400_model,Leading edge strike,Direct,,2,2,region_4_5,region_4_5,1,True,0.661067539528208,0.1580772587746307,0.18085520169716132,0.661067539528208
B304-0608115616,2,400_model,Leading edge strike,Direct,,1,1,region_2_3,region_2_3,3,True,0.45548507911878255,0.15683182896738923,0.45548507911878255,0.3876830919138284
B304-0608121300,4,400_model,Leading edge strike,Direct,,2,2,region_4_5,region_4_5,2,True,0.7453732512995682,0.0899166554487582,0.16471009325167352,0.7453732512995682
B304-0609142414,4,400_model,Leading edge strike,Direct,,2,1,region_4_5,region_2_3,3,False,0.44845353313750014,0.230485624189632,0.44845353313750014,0.32106084267286794
B304-0609151738,5,400_model,Leading edge strike,Direct,,2,2,region_4_5,region_4_5,4,True,0.41443183846275367,0.1862224880744027,0.3993456734628435,0.41443183846275367
B304-0609154346,4,400_model,Leading edge strike,Direct,,2,2,region_4_5,region_4_5,0,True,0.7230535074978471,0.10030937704579469,0.17663711545635816,0.7230535074978471
B304-0610104218,1,400_model,Other impeller collision,,Impeller hub,0,0,region_1,region_1,1,True,0.6127033718163737,0.6127033718163737,0.24384588433338025,0.14345074385024595
B304-0610105507,1,400_model,Other impeller collision,,Impeller hub,0,0,region_1,region_1,3,True,0.5349037185478546,0.5349037185478546,0.3502526205556863,0.11484366089645913
B304-0610111017,1,400_model,Other impeller collision,,Impeller hub,0,0,region_1,region_1,1,True,0.5079808851297116,0.5079808851297116,0.366131427164566,0.1258876877057225
B304-0611135337,3,400_model,Leading edge strike,Indirect,,1,1,region_2_3,region_2_3,0,True,0.7025143905487518,0.131925060788076,0.7025143905487518,0.16556054866317216
B304-0611145300,2,400_model,Leading edge strike,Direct,,1,1,region_2_3,region_2_3,3,True,0.5123487606884412,0.14323040697962003,0.5123487606884412,0.34442083233193893
B307-0519082500,1,400_model,Other impeller collision,,Impeller hub,0,0,region_1,region_1,2,True,0.6506746623578862,0.6506746623578862,0.25615235219693067,0.09317298544518318
B307-0519091535,1,400_model,Other impeller collision,,Impeller hub,0,2,region_1,region_4_5,2,False,0.5472815571595924,0.1690384619158047,0.28367998092460284,0.5472815571595924
B307-0520124123,2,400_model,Leading edge strike,Direct,,1,2,region_2_3,region_4_5,4,False,0.5774402997900179,0.11340330917311489,0.3091563910368672,0.5774402997900179
B307-0601122706,4,400_model,Leading edge strike,Direct,,2,2,region_4_5,region_4_5,0,True,0.8617356731318194,0.0760381547502035,0.06222617211797711,0.8617356731318194
B307-0601130844,4,400_model,Leading edge strike,Direct,,2,0,region_4_5,region_1,4,False,0.4631221363509065,0.4631221363509065,0.23686531004468236,0.3000125536044112
B307-0608113106,3,400_model,Leading edge strike,Direct,,1,2,region_2_3,region_4_5,0,False,0.6333297692388841,0.16370627536757085,0.2029639553935451,0.6333297692388841
B307-0608121120,3,400_model,Leading edge strike,Direct,,1,0,region_2_3,region_1,2,False,0.43530148317642225,0.43530148317642225,0.31209039945359757,0.2526081173699803
B307-0609143304,5,400_model,Leading edge strike,Direct,,2,2,region_4_5,region_4_5,1,True,0.7220835699080894,0.11337162768243143,0.1645448024094791,0.7220835699080894
B307-0609145112,5,400_model,Leading edge strike,Direct,,2,2,region_4_5,region_4_5,4,True,0.5635444903332709,0.3008179973790706,0.13563751228765847,0.5635444903332709
B307-0609155013,4,400_model,Leading edge strike,Direct,,2,2,region_4_5,region_4_5,2,True,0.6371518747323225,0.08007054477459058,0.2827775804930868,0.6371518747323225
B307-0610111517,1,400_model,Other impeller collision,,Impeller hub,0,1,region_1,region_2_3,4,False,0.7691380147074606,0.10783953706895777,0.7691380147074606,0.12302244822358165
B307-0610121317,1,400_model,Other impeller collision,,Impeller hub,0,1,region_1,region_2_3,1,False,0.5142806198591001,0.33807621817919015,0.5142806198591001,0.14764316196170973
B307-0611142551,4,400_model,Leading edge strike,Direct,,2,2,region_4_5,region_4_5,0,True,0.5548619818507359,0.20480024103775246,0.24033777711151164,0.5548619818507359
B307-0611145458,4,400_model,Leading edge strike,Direct,,2,2,region_4_5,region_4_5,0,True,0.6539448333191022,0.2182864074822035,0.12776875919869424,0.6539448333191022
B307-0611154656,4,400_model,Leading edge strike,Direct,,2,1,region_4_5,region_2_3,1,False,0.7344934513550168,0.09497810446455653,0.7344934513550168,0.17052844418042679
B309-0519101738,4,400_model,Leading edge strike,Direct,,2,2,region_4_5,region_4_5,4,True,0.49101138293478813,0.21629316082728553,0.2926954562379265,0.49101138293478813
B309-0520151950,3,400_model,Leading edge strike,Indirect,,1,2,region_2_3,region_4_5,0,False,0.46830658812837617,0.20169079117303423,0.3300026206985895,0.46830658812837617
B309-0608111735,4,400_model,Leading edge strike,Direct,,2,1,region_4_5,region_2_3,2,False,0.5532673311060701,0.1752152391851957,0.5532673311060701,0.2715174297087342
B309-0608121837,2,400_model,Leading edge strike,Direct,,1,1,region_2_3,region_2_3,2,True,0.6048752268075203,0.10489192215017581,0.6048752268075203,0.2902328510423039
B309-0608124015,4,400_model,Leading edge strike,Direct,,2,2,region_4_5,region_4_5,3,True,0.6724974079885959,0.05177382860238329,0.2757287634090208,0.6724974079885959
B309-0609150616,3,400_model,Leading edge strike,Direct,,1,2,region_2_3,region_4_5,2,False,0.762408976478907,0.10125437921453266,0.13633664430656017,0.762408976478907
B309-0610102825,4,400_model,Leading edge strike,Direct,,2,1,region_4_5,region_2_3,3,False,0.797798453232006,0.06420717743368098,0.797798453232006,0.13799436933431297
B309-0610104925,4,400_model,Leading edge strike,Direct,,2,2,region_4_5,region_4_5,0,True,0.5502687859551101,0.25577383570922274,0.19395737833566723,0.5502687859551101
B309-0610111150,2,400_model,Leading edge strike,Direct,,1,1,region_2_3,region_2_3,1,True,0.5884697883194897,0.26284463709798866,0.5884697883194897,0.14868557458252157
B309-0610114915,4,400_model,Leading edge strike,Indirect,,2,2,region_4_5,region_4_5,0,True,0.4508905094249077,0.22296883707252765,0.3261406535025646,0.4508905094249077
B309-0610120935,4,400_model,Leading edge strike,Direct,,2,1,region_4_5,region_2_3,3,False,0.6146817485464869,0.18830045310527435,0.6146817485464869,0.1970177983482387
B309-0611134538,4,400_model,Leading edge strike,Direct,,2,2,region_4_5,region_4_5,4,True,0.6637734943552651,0.09189469202545156,0.24433181361928333,0.6637734943552651
B309-0611140008,3,400_model,Leading edge strike,Direct,,1,2,region_2_3,region_4_5,3,False,0.47018088504834327,0.18970032132675105,0.3401187936249057,0.47018088504834327
B309-0611142315,2,400_model,Leading edge strike,Direct,,1,1,region_2_3,region_2_3,3,True,0.5929985413226325,0.2597744234352465,0.5929985413226325,0.14722703524212108
B309-0611143514,1,400_model,Other impeller collision,,Impeller hub,0,0,region_1,region_1,2,True,0.6792904717678669,0.6792904717678669,0.2508635300846488,0.06984599814748431
B309-0611150404,5,400_model,Leading edge strike,Direct,,2,2,region_4_5,region_4_5,4,True,0.5891958652160163,0.1092505106774861,0.30155362410649755,0.5891958652160163
B309-0611154305,2,400_model,Leading edge strike,Indirect,,1,0,region_2_3,region_1,0,False,0.6113200631583675,0.6113200631583675,0.2686200284603343,0.12005990838129829
B312-0519082100,5,400_model,Leading edge strike,Direct,,2,2,region_4_5,region_4_5,1,True,0.5578118944483722,0.1618354328032438,0.28035267274838405,0.5578118944483722
B312-0519091258,4,400_model,Leading edge strike,Direct,,2,2,region_4_5,region_4_5,2,True,0.6739269953071427,0.21151852053826883,0.11455448415458844,0.6739269953071427
B312-0520124339,5,400_model,Leading edge strike,Direct,,2,2,region_4_5,region_4_5,0,True,0.6437479576078273,0.16646605497100425,0.18978598742116848,0.6437479576078273
B312-0529095608,1,400_model,Other impeller collision,,Impeller hub,0,0,region_1,region_1,3,True,0.4456585472246188,0.4456585472246188,0.2541873975597766,0.3001540552156045
B312-0529101039,3,400_model,Leading edge strike,Direct,,1,1,region_2_3,region_2_3,2,True,0.592373612108412,0.1765720250899565,0.592373612108412,0.23105436280163147
B312-0601132648,4,400_model,Leading edge strike,Direct,,2,2,region_4_5,region_4_5,3,True,0.6135722700868146,0.28065375616236754,0.10577397375081785,0.6135722700868146
B312-0601133931,2,400_model,Leading edge strike,Direct,,1,2,region_2_3,region_4_5,2,False,0.4819989815608478,0.2804705715981934,0.23753044684095873,0.4819989815608478
B312-0605123154,4,400_model,Leading edge strike,Direct,,2,2,region_4_5,region_4_5,1,True,0.4404599916221454,0.12568536535173283,0.4338546430261217,0.4404599916221454
B312-0608115526,1,400_model,Other impeller collision,,Impeller hub,0,2,region_1,region_4_5,4,False,0.5192265538922571,0.349745371697211,0.13102807441053194,0.5192265538922571
B312-0608124004,1,400_model,Other impeller collision,,Impeller hub,0,1,region_1,region_2_3,1,False,0.537431419556332,0.2718653632167241,0.537431419556332,0.19070321722694392
B312-0609145225,1,400_model,Other impeller collision,,Impeller hub,0,1,region_1,region_2_3,1,False,0.6708419983575671,0.20531489835253558,0.6708419983575671,0.1238431032898974
B312-0609150543,1,400_model,Other impeller collision,,Impeller hub,0,1,region_1,region_2_3,3,False,0.441840045358979,0.3597494046491635,0.441840045358979,0.19841054999185748
B312-0609153341,3,400_model,Leading edge strike,Direct,,1,2,region_2_3,region_4_5,1,False,0.7963603112618419,0.07952963304465431,0.12411005569350379,0.7963603112618419
B312-0610102612,2,400_model,Leading edge strike,Direct,,1,0,region_2_3,region_1,0,False,0.5329811742603588,0.5329811742603588,0.25353358240739676,0.2134852433322444
B312-0610113751,2,400_model,Leading edge strike,Direct,,1,2,region_2_3,region_4_5,2,False,0.49922380757628176,0.13807131699607525,0.36270487542764307,0.49922380757628176
B312-0611134748,4,400_model,Leading edge strike,Direct,,2,1,region_4_5,region_2_3,3,False,0.542713078640261,0.11373609127479489,0.542713078640261,0.3435508300849442
B312-0611140928,5,400_model,Leading edge strike,Direct,,2,2,region_4_5,region_4_5,3,True,0.8666262037329264,0.044453418373340915,0.08892037789373279,0.8666262037329264
B312-0611143757,3,400_model,Leading edge strike,Direct,,1,1,region_2_3,region_2_3,1,True,0.521429326570279,0.2619860508979363,0.521429326570279,0.21658462253178476
B312-0611153455,4,400_model,Leading edge strike,Indirect,,2,2,region_4_5,region_4_5,4,True,0.39758038350616465,0.3255704918398612,0.2768491246539742,0.39758038350616465
B315-0519085300,2,400_model,Leading edge strike,Direct,,1,1,region_2_3,region_2_3,0,True,0.6105365868808937,0.10230757291774868,0.6105365868808937,0.2871558402013576
B315-0520124203,2,400_model,Leading edge strike,Indirect,,1,2,region_2_3,region_4_5,4,False,0.4182724803106872,0.23798224500743662,0.34374527468187616,0.4182724803106872
B315-0529093000,1,400_model,Other impeller collision,,Impeller hub,0,0,region_1,region_1,2,True,0.6781094659034402,0.6781094659034402,0.2640216842710823,0.0578688498254774
B315-0529100617,3,400_model,Leading edge strike,Direct,,1,1,region_2_3,region_2_3,1,True,0.7201223879243042,0.14083119546609243,0.7201223879243042,0.13904641660960343
B315-0601120808,5,400_model,Leading edge strike,Direct,,2,2,region_4_5,region_4_5,4,True,0.7555227738883981,0.06356872663772113,0.18090849947388069,0.7555227738883981
B315-0605120836,4,400_model,Leading edge strike,Direct,,2,2,region_4_5,region_4_5,2,True,0.457738174386862,0.37100955029262545,0.17125227532051254,0.457738174386862
B315-0605124249,5,400_model,Leading edge strike,Direct,,2,2,region_4_5,region_4_5,2,True,0.625961231352,0.25720454329577974,0.11683422535222018,0.625961231352
B315-0608120539,4,400_model,Leading edge strike,Direct,,2,2,region_4_5,region_4_5,0,True,0.7603932912514687,0.08723091764283449,0.15237579110569668,0.7603932912514687
B315-0608123046,4,400_model,Leading edge strike,Direct,,2,0,region_4_5,region_1,4,False,0.4418279619525466,0.4418279619525466,0.2599483549609265,0.2982236830865269
B315-0608124356,2,400_model,Leading edge strike,Indirect,,1,1,region_2_3,region_2_3,0,True,0.6056105635333254,0.3398109810613137,0.6056105635333254,0.05457845540536094
B315-0609141909,2,400_model,Leading edge strike,Direct,,1,2,region_2_3,region_4_5,4,False,0.5925894221873335,0.26709126967801855,0.140319308134648,0.5925894221873335
B315-0609143407,3,400_model,Leading edge strike,Direct,,1,2,region_2_3,region_4_5,1,False,0.5948958216682175,0.1590326285738908,0.24607154975789167,0.5948958216682175
B315-0609144811,4,400_model,Leading edge strike,Direct,,2,2,region_4_5,region_4_5,3,True,0.49796650769723555,0.4265022699395556,0.07553122236320867,0.49796650769723555
B315-0609150023,2,400_model,Leading edge strike,Direct,,1,2,region_2_3,region_4_5,4,False,0.6378531656943187,0.15780517828640694,0.20434165601927434,0.6378531656943187
B321-0520152109,5,400_model,Leading edge strike,Direct,,2,0,region_4_5,region_1,4,False,0.5215194476817608,0.5215194476817608,0.3282191261628045,0.15026142615543472
B321-0529094518,1,400_model,Other impeller collision,,Impeller hub,0,2,region_1,region_4_5,0,False,0.4352500500403711,0.21251957137837985,0.35223037858124895,0.4352500500403711
B321-0529100555,4,400_model,Leading edge strike,Direct,,2,2,region_4_5,region_4_5,3,True,0.4769130532932628,0.17838584983089725,0.34470109687584,0.4769130532932628
B321-0601130048,2,400_model,Leading edge strike,Direct,,1,1,region_2_3,region_2_3,0,True,0.7438566568227918,0.12663119808078604,0.7438566568227918,0.1295121450964223
B321-0605124405,1,400_model,Other impeller collision,,Impeller hub,0,0,region_1,region_1,2,True,0.7917382868663086,0.7917382868663086,0.1199363330894143,0.08832538004427704
B321-0608113011,2,400_model,Leading edge strike,Direct,,1,1,region_2_3,region_2_3,1,True,0.708072082301931,0.19943892048393513,0.708072082301931,0.09248899721413387
B321-0608121411,3,400_model,Leading edge strike,Direct,,1,1,region_2_3,region_2_3,0,True,0.7037848753566646,0.0660659157922833,0.7037848753566646,0.23014920885105233
B321-0609145009,1,400_model,Other impeller collision,,Impeller hub,0,1,region_1,region_2_3,2,False,0.4100513337338337,0.3027225723134012,0.4100513337338337,0.28722609395276516
B321-0609150138,1,400_model,Other impeller collision,,Impeller hub,0,0,region_1,region_1,3,True,0.6748531272946032,0.6748531272946032,0.27089912685612466,0.05424774584927208
B321-0609151626,3,400_model,Leading edge strike,Direct,,1,0,region_2_3,region_1,0,False,0.5238028191543174,0.5238028191543174,0.3268531652619424,0.1493440155837402
B321-0609153202,1,400_model,Other impeller collision,,Impeller hub,0,1,region_1,region_2_3,3,False,0.4930466612579816,0.41141105763353847,0.4930466612579816,0.09554228110847988
B321-0609155132,2,400_model,Leading edge strike,Direct,,1,1,region_2_3,region_2_3,1,True,0.6913769905022934,0.21770779639947077,0.6913769905022934,0.09091521309823579
B321-0610111808,2,400_model,Leading edge strike,Direct,,1,1,region_2_3,region_2_3,0,True,0.7785452052535472,0.08886931526352829,0.7785452052535472,0.1325854794829244
B321-0611144643,1,400_model,Other impeller collision,,Impeller hub,0,0,region_1,region_1,0,True,0.610159029721033,0.610159029721033,0.07926552084024703,0.31057544943872
B321-0611154541,2,400_model,Leading edge strike,Direct,,1,1,region_2_3,region_2_3,3,True,0.6635474214686405,0.19530441957118028,0.6635474214686405,0.14114815896017915
B61-0102000014,2,400 (70%),Leading edge strike,Direct,,1,1,region_2_3,region_2_3,0,True,0.6522120144626556,0.20891427379969144,0.6522120144626556,0.138873711737653
B61-0102033828,3,400 (70%),Leading edge strike,Direct,,1,1,region_2_3,region_2_3,3,True,0.9087032673682514,0.016340884317632826,0.9087032673682514,0.07495584831411585
B61-0102041430,2,400 (70%),Leading edge strike,Indirect,,1,1,region_2_3,region_2_3,1,True,0.6787748976140034,0.24135185600465905,0.6787748976140034,0.07987324638133748
B61-0717094833,4,400 (100%),Leading edge strike,Direct,,2,2,region_4_5,region_4_5,0,True,0.46633470855478204,0.3174301116615638,0.2162351797836542,0.46633470855478204
B61-0717102503,4,400 (100%),Leading edge strike,Direct,,2,1,region_4_5,region_2_3,1,False,0.6278291721667746,0.1978302076668604,0.6278291721667746,0.17434062016636517
B61-0717133143,5,400 (70%),Leading edge strike,Direct,,2,2,region_4_5,region_4_5,0,True,0.5564220561742819,0.30081066750271174,0.14276727632300645,0.5564220561742819
B62-0703183930,1,500 (100%),Other impeller collision,,Impeller hub,0,1,region_1,region_2_3,4,False,0.5469476080617611,0.23134954325488885,0.5469476080617611,0.22170284868335002
B62-0704114942,5,500 (100%),Leading edge strike,Direct,,2,1,region_4_5,region_2_3,2,False,0.5995176014259053,0.19946588503418167,0.5995176014259053,0.20101651353991315
B63-0101005446,1,400 (100%),Other impeller collision,,Impeller hub,0,1,region_1,region_2_3,2,False,0.42357039248433753,0.31118423890320657,0.42357039248433753,0.26524536861245573
B63-0101030528,3,400 (100%),Leading edge strike,Direct,,1,2,region_2_3,region_4_5,4,False,0.8594987046769931,0.07808420779056571,0.06241708753244131,0.8594987046769931
B63-0704115450,1,500 (100%),Other impeller collision,,Impeller hub,0,0,region_1,region_1,3,True,0.6117700965396916,0.6117700965396916,0.1408207919589271,0.24740911150138134
B63-0704134638,4,500 (100%),Leading edge strike,Direct,,2,0,region_4_5,region_1,2,False,0.43234151414882155,0.43234151414882155,0.4226826016139527,0.14497588423722577
B64-0703134039,4,500 (100%),Leading edge strike,Direct,,2,2,region_4_5,region_4_5,2,True,0.6457027920189773,0.031985010233020056,0.32231219774800274,0.6457027920189773
B64-0703182655,2,500 (100%),Leading edge strike,Direct,,1,2,region_2_3,region_4_5,2,False,0.5250221060778019,0.17273197454905717,0.30224591937314094,0.5250221060778019
B64-0704125625,5,500 (100%),Leading edge strike,Direct,,2,2,region_4_5,region_4_5,2,True,0.7330890659201901,0.1920568179777118,0.0748541161020981,0.7330890659201901
B64-0716133843,4,400 (100%),Leading edge strike,Direct,,2,2,region_4_5,region_4_5,2,True,0.4781711460114545,0.16109153376984328,0.3607373202187022,0.4781711460114545
B64-0716171843,4,400 (100%),Leading edge strike,Direct,,2,2,region_4_5,region_4_5,1,True,0.5933685234938733,0.09606687411615004,0.31056460238997663,0.5933685234938733
B64-0716190017,5,400 (100%),Leading edge strike,Direct,,2,2,region_4_5,region_4_5,3,True,0.8135850140797395,0.032217342341966486,0.15419764357829396,0.8135850140797395
B64-0717132327,5,400 (100%),Leading edge strike,Direct,,2,1,region_4_5,region_2_3,3,False,0.6238635969541133,0.2377815812150468,0.6238635969541133,0.1383548218308397
B65-0703141218,5,500 (100%),Leading edge strike,Direct,,2,2,region_4_5,region_4_5,4,True,0.8458159531961154,0.09496805899266003,0.05921598781122467,0.8458159531961154
B65-0703184425,4,500 (100%),Leading edge strike,Direct,,2,2,region_4_5,region_4_5,4,True,0.6334753574331708,0.1364058609361315,0.23011878163069768,0.6334753574331708
B65-0704135758,4,500 (100%),Leading edge strike,Indirect,,2,1,region_4_5,region_2_3,1,False,0.49817652715350513,0.273886799382385,0.49817652715350513,0.22793667346410995
B65-0716132835,5,400 (100%),Leading edge strike,Direct,,2,1,region_4_5,region_2_3,4,False,0.41739725438964126,0.38025629758220053,0.41739725438964126,0.20234644802815827
B65-0716152854,3,400 (100%),Leading edge strike,Indirect,,1,2,region_2_3,region_4_5,4,False,0.8963794744639471,0.031650211048836314,0.07197031448721666,0.8963794744639471
B65-0716180839,5,400 (100%),Leading edge strike,Direct,,2,2,region_4_5,region_4_5,2,True,0.5714223909292647,0.14757942938451796,0.2809981796862174,0.5714223909292647
B67-0703182811,4,500 (100%),Leading edge strike,Direct,,2,2,region_4_5,region_4_5,1,True,0.6265744760477879,0.2564363877351243,0.11698913621708781,0.6265744760477879
B67-0704112406,1,500 (100%),Other impeller collision,,Impeller hub,0,2,region_1,region_4_5,2,False,0.8110520174220952,0.12554029911105663,0.06340768346684822,0.8110520174220952
B67-0704122929,3,500 (100%),Leading edge strike,Indirect,,1,2,region_2_3,region_4_5,2,False,0.49104489728539114,0.13033065515667497,0.37862444755793395,0.49104489728539114
B67-0716152748,2,400 (100%),Leading edge strike,Indirect,,1,0,region_2_3,region_1,2,False,0.5012956623272462,0.5012956623272462,0.26806559595114393,0.23063874172160984
B67-0717124104,3,400 (100%),Leading edge strike,Direct,,1,1,region_2_3,region_2_3,2,True,0.5655829892724712,0.20646201326600888,0.5655829892724712,0.22795499746151998
B67-0717145407,2,400 (70%),Leading edge strike,Direct,,1,1,region_2_3,region_2_3,3,True,0.7161502611118629,0.1516957495129566,0.7161502611118629,0.13215398937518055
B67-0806132225,5,400 (70%),Leading edge strike,Direct,,2,1,region_4_5,region_2_3,3,False,0.40004559444678184,0.2247012785824593,0.40004559444678184,0.3752531269707588
B67-0806140643,3,400 (70%),Leading edge strike,Direct,,1,1,region_2_3,region_2_3,2,True,0.5333278559429063,0.24966913728801082,0.5333278559429063,0.21700300676908277
B67-0806143112,4,400 (70%),Leading edge strike,Direct,,2,1,region_4_5,region_2_3,0,False,0.7255035190868184,0.14116567193052856,0.7255035190868184,0.133330808982653
B67-0806145234,1,400 (70%),Other impeller collision,,Impeller hub,0,0,region_1,region_1,4,True,0.5179890894228161,0.5179890894228161,0.2689455731779892,0.2130653373991948
B67-0806161636,2,400 (70%),Leading edge strike,Direct,,1,2,region_2_3,region_4_5,3,False,0.47796840486149594,0.10516041719041973,0.41687117794808437,0.47796840486149594
B68-0703184621,1,500 (100%),Other impeller collision,,Impeller hub,0,0,region_1,region_1,3,True,0.5304184826717967,0.5304184826717967,0.09763191239367836,0.37194960493452495
B68-0704115116,3,500 (100%),Leading edge strike,Indirect,,1,2,region_2_3,region_4_5,3,False,0.47348590532850654,0.08744504710423912,0.4390690475672543,0.47348590532850654
B68-0716161555,4,400 (100%),Leading edge strike,Direct,,2,2,region_4_5,region_4_5,3,True,0.628191213150709,0.07929158574369678,0.29251720110559415,0.628191213150709
B69-0703140920,3,500 (100%),Leading edge strike,Direct,,1,1,region_2_3,region_2_3,4,True,0.5731784788848329,0.14453794785227864,0.5731784788848329,0.28228357326288844
B69-0703174917,2,500 (100%),Leading edge strike,Direct,,1,1,region_2_3,region_2_3,3,True,0.4842699890442813,0.10092150713281917,0.4842699890442813,0.41480850382289963
B69-0704134239,5,500 (100%),Leading edge strike,Direct,,2,2,region_4_5,region_4_5,3,True,0.7024033709432524,0.11968244037081492,0.17791418868593267,0.7024033709432524
B69-0716144306,5,400 (100%),Leading edge strike,Direct,,2,2,region_4_5,region_4_5,3,True,0.7233944206356993,0.10339888665637446,0.17320669270792624,0.7233944206356993
B69-0716153730,1,400 (100%),Other impeller collision,,Impeller hub,0,0,region_1,region_1,1,True,0.593280782600064,0.593280782600064,0.265844900480292,0.14087431691964394
B69-0716160245,1,400 (100%),Other impeller collision,,Impeller hub,0,1,region_1,region_2_3,4,False,0.3527670375654808,0.3499730398569256,0.3527670375654808,0.29725992257759354
B69-0716164624,3,400 (100%),Leading edge strike,Indirect,,1,2,region_2_3,region_4_5,2,False,0.6162432873198512,0.14800897847879946,0.23574773420134926,0.6162432873198512
B74-0703183215,1,500 (100%),Other impeller collision,,Impeller hub,0,1,region_1,region_2_3,0,False,0.4797120909459169,0.4266640080276696,0.4797120909459169,0.0936239010264136
B74-0704112054,2,500 (100%),Leading edge strike,Indirect,,1,1,region_2_3,region_2_3,3,True,0.48857790734606904,0.14153921817495435,0.48857790734606904,0.3698828744789768
B74-0704134740,5,500 (100%),Leading edge strike,Direct,,2,2,region_4_5,region_4_5,0,True,0.6146045927037297,0.2085584771947473,0.17683693010152313,0.6146045927037297
B74-0716155726,5,400 (100%),Leading edge strike,Direct,,2,2,region_4_5,region_4_5,3,True,0.7858006451728551,0.14394990288914014,0.07024945193800478,0.7858006451728551
B74-0716181134,3,400 (100%),Leading edge strike,Direct,,1,2,region_2_3,region_4_5,2,False,0.6232565241649487,0.14502532816221136,0.23171814767284,0.6232565241649487
B74-0717115102,4,400 (100%),Leading edge strike,Direct,,2,2,region_4_5,region_4_5,1,True,0.569219910434929,0.21237790085444147,0.2184021887106295,0.569219910434929
B74-0717145659,1,400 (70%),Other impeller collision,,Impeller hub,0,1,region_1,region_2_3,0,False,0.5099522433348191,0.37950902718103524,0.5099522433348191,0.11053872948414556
B75-0704113004,5,500 (100%),Leading edge strike,Direct,,2,2,region_4_5,region_4_5,0,True,0.5365434850367093,0.06035944904174999,0.4030970659215406,0.5365434850367093
B75-0704125416,3,500 (100%),Leading edge strike,Direct,,1,1,region_2_3,region_2_3,4,True,0.5372951480713567,0.23142324822232407,0.5372951480713567,0.23128160370631926
B75-0704134011,1,500 (100%),Other impeller collision,,Impeller hub,0,0,region_1,region_1,2,True,0.7575787809836609,0.7575787809836609,0.13717597743507048,0.10524524158126852
B75-0716155312,2,400 (100%),Leading edge strike,Indirect,,1,0,region_2_3,region_1,2,False,0.576849023509653,0.576849023509653,0.28262039407715744,0.1405305824131896
B75-0716174014,1,400 (100%),Other impeller collision,,Impeller hub,0,0,region_1,region_1,4,True,0.7687081706402262,0.7687081706402262,0.1386754085820327,0.09261642077774117
B75-0716185258,4,400 (100%),Leading edge strike,Direct,,2,1,region_4_5,region_2_3,3,False,0.4297827310434034,0.15994195249978743,0.4297827310434034,0.41027531645680915
B75-0717124403,4,400 (100%),Leading edge strike,Direct,,2,2,region_4_5,region_4_5,3,True,0.5067929801129284,0.06565723012105489,0.4275497897660167,0.5067929801129284
B75-0717131745,5,400 (100%),Leading edge strike,Direct,,2,2,region_4_5,region_4_5,4,True,0.6720678361519467,0.1738062176162558,0.1541259462317976,0.6720678361519467
B75-0717145832,4,400 (70%),Leading edge strike,Indirect,,2,1,region_4_5,region_2_3,1,False,0.5577854060892988,0.09935017336637254,0.5577854060892988,0.34286442054432864
B75-0806134558,2,400 (70%),Leading edge strike,Indirect,,1,2,region_2_3,region_4_5,1,False,0.4588185591339289,0.2801064116810145,0.2610750291850566,0.4588185591339289
B75-0806142519,5,400 (70%),Leading edge strike,Direct,,2,1,region_4_5,region_2_3,2,False,0.6255611485818882,0.06297599209935811,0.6255611485818882,0.31146285931875367
B75-0806144357,1,400 (70%),Other impeller collision,,Impeller hub,0,2,region_1,region_4_5,0,False,0.5229009924625075,0.16731527941067356,0.30978372812681887,0.5229009924625075
B75-0806160726,4,400 (70%),Leading edge strike,Indirect,,2,2,region_4_5,region_4_5,4,True,0.8188038284791911,0.10861828032590742,0.07257789119490143,0.8188038284791911
B75-0806162232,5,400 (70%),Leading edge strike,Direct,,2,2,region_4_5,region_4_5,4,True,0.5696118310769075,0.2036628250047938,0.2267253439182988,0.5696118310769075
B75-0806164125,2,400 (70%),Leading edge strike,Indirect,,1,0,region_2_3,region_1,4,False,0.35268572883015353,0.35268572883015353,0.32983439374305756,0.31747987742678896
B75-0806171105,2,400 (70%),Leading edge strike,Direct,,1,1,region_2_3,region_2_3,3,True,0.6998943900290586,0.12687400525740636,0.6998943900290586,0.17323160471353496
B75-0806181311,4,400 (70%),Leading edge strike,Direct,,2,2,region_4_5,region_4_5,0,True,0.55160194881449,0.28937797673949384,0.15902007444601612,0.55160194881449
B76-0703184838,3,500 (100%),Leading edge strike,Direct,,1,1,region_2_3,region_2_3,3,True,0.5644467805610844,0.1356000680267518,0.5644467805610844,0.2999531514121637
B76-0704113249,4,500 (100%),Leading edge strike,Direct,,2,2,region_4_5,region_4_5,2,True,0.5636115126341553,0.3100546420798277,0.1263338452860169,0.5636115126341553
B76-0704123317,3,500 (100%),Leading edge strike,Indirect,,1,2,region_2_3,region_4_5,4,False,0.42983994145850973,0.3461969716882673,0.22396308685322305,0.42983994145850973
B76-0716165809,4,400 (100%),Leading edge strike,Direct,,2,1,region_4_5,region_2_3,2,False,0.4817096888840577,0.09358828963269221,0.4817096888840577,0.42470202148325026
B76-0716172344,2,400 (100%),Leading edge strike,Direct,,1,1,region_2_3,region_2_3,1,True,0.5199131659409232,0.4100546762287522,0.5199131659409232,0.07003215783032467
B76-0716185142,1,400 (100%),Other impeller collision,,Impeller hub,0,2,region_1,region_4_5,3,False,0.5141567840187203,0.14265344656403794,0.34318976941724183,0.5141567840187203
B76-0717123417,5,400 (100%),Leading edge strike,Direct,,2,2,region_4_5,region_4_5,2,True,0.7233291160982409,0.25858184673654183,0.018089037165217273,0.7233291160982409
B76-0717150455,4,400 (70%),Leading edge strike,Indirect,,2,1,region_4_5,region_2_3,1,False,0.41738012396688834,0.32498857936377046,0.41738012396688834,0.2576312966693411
B76-0806134449,2,400 (70%),Leading edge strike,Direct,,1,1,region_2_3,region_2_3,1,True,0.5786226648845153,0.17818432066115503,0.5786226648845153,0.24319301445432967
B76-0806164443,5,400 (70%),Leading edge strike,Direct,,2,1,region_4_5,region_2_3,3,False,0.6703345756958695,0.06933735148386387,0.6703345756958695,0.26032807282026654
B76-0806170715,3,400 (70%),Leading edge strike,Direct,,1,1,region_2_3,region_2_3,0,True,0.5330045663749875,0.3024766145353852,0.5330045663749875,0.16451881908962723
B76-0806175906,2,400 (70%),Leading edge strike,Indirect,,1,1,region_2_3,region_2_3,2,True,0.47984199549124223,0.2838041343854214,0.47984199549124223,0.23635387012333642
B76-0806182401,3,400 (70%),Leading edge strike,Direct,,1,1,region_2_3,region_2_3,1,True,0.4075060453297457,0.36278477007870913,0.4075060453297457,0.2297091845915452
B77-0102020905,3,400 (70%),Leading edge strike,Direct,,1,2,region_2_3,region_4_5,0,False,0.5705747183859414,0.15660633073663624,0.2728189508774223,0.5705747183859414
B77-0102023924,4,400 (70%),Leading edge strike,Direct,,2,2,region_4_5,region_4_5,1,True,0.5379523193732173,0.10224365892860672,0.35980402169817594,0.5379523193732173
B77-0102032311,4,400 (70%),Leading edge strike,Indirect,,2,2,region_4_5,region_4_5,4,True,0.8028466854033587,0.07792972355177641,0.11922359104486491,0.8028466854033587
B77-0102052047,1,400 (70%),Other impeller collision,,Impeller hub,0,0,region_1,region_1,4,True,0.5548203211007299,0.5548203211007299,0.3032289988942624,0.14195068000500782
B77-0102063308,1,400 (70%),Other impeller collision,,Impeller hub,0,1,region_1,region_2_3,3,False,0.7139367853680834,0.21815856610022105,0.7139367853680834,0.0679046485316957
B77-0102065956,1,400 (70%),Other impeller collision,,Impeller hub,0,2,region_1,region_4_5,0,False,0.45308781426731487,0.3999833026240211,0.14692888310866398,0.45308781426731487
B77-0102164216,2,400 (100%),Leading edge strike,Direct,,1,2,region_2_3,region_4_5,1,False,0.5046963738737799,0.12170832672106498,0.3735952994051552,0.5046963738737799
B77-0102185739,4,400 (100%),Leading edge strike,Direct,,2,2,region_4_5,region_4_5,2,True,0.6968309098362859,0.14880372010068108,0.1543653700630329,0.6968309098362859
B77-0102191805,3,400 (100%),Leading edge strike,Direct,,1,1,region_2_3,region_2_3,4,True,0.44102443382271184,0.33153967068488616,0.44102443382271184,0.22743589549240187
B77-0103161613,3,400 (70%),Leading edge strike,Direct,,1,2,region_2_3,region_4_5,3,False,0.5701974090609597,0.08791357981326797,0.3418890111257723,0.5701974090609597
B77-0103164602,4,400 (70%),Leading edge strike,Direct,,2,2,region_4_5,region_4_5,3,True,0.5813526874098701,0.18908562814591118,0.22956168444421873,0.5813526874098701
B77-0703173716,2,500 (100%),Leading edge strike,Indirect,,1,0,region_2_3,region_1,4,False,0.4099678431255771,0.4099678431255771,0.3599795028251482,0.23005265404927464
B77-0704114806,2,500 (100%),Leading edge strike,Indirect,,1,1,region_2_3,region_2_3,4,True,0.466653344521845,0.12758590957365878,0.466653344521845,0.4057607459044963
B78-0104234903,5,400 (70%),Leading edge strike,Direct,,2,2,region_4_5,region_4_5,1,True,0.4433396745524811,0.1294374986747762,0.4272228267727428,0.4433396745524811
B78-0105024336,4,400 (70%),Leading edge strike,Direct,,2,1,region_4_5,region_2_3,0,False,0.5339789074007376,0.2144528524011306,0.5339789074007376,0.25156824019813184
B78-0105033431,5,400 (70%),Leading edge strike,Direct,,2,2,region_4_5,region_4_5,1,True,0.6330759445663918,0.25418412894536246,0.11273992648824575,0.6330759445663918
B78-0105041931,3,400 (70%),Leading edge strike,Direct,,1,2,region_2_3,region_4_5,1,False,0.7020462780227128,0.07378609261281004,0.2241676293644771,0.7020462780227128
B78-0105043507,3,400 (70%),Leading edge strike,Direct,,1,0,region_2_3,region_1,3,False,0.5337884000198876,0.5337884000198876,0.23527271073690026,0.23093888924321218
B78-0703175537,5,500 (100%),Leading edge strike,Indirect,,2,2,region_4_5,region_4_5,1,True,0.809462882451572,0.08065475605489164,0.10988236149353638,0.809462882451572
B78-0703185255,4,500 (100%),Leading edge strike,Direct,,2,2,region_4_5,region_4_5,2,True,0.6878338031079879,0.09569064885595516,0.21647554803605698,0.6878338031079879
B78-0704135657,1,500 (100%),Other impeller collision,,Impeller hub,0,2,region_1,region_4_5,1,False,0.6279741046311724,0.2157253694229443,0.15630052594588326,0.6279741046311724
B78-0716160647,3,400 (100%),Leading edge strike,Direct,,1,2,region_2_3,region_4_5,3,False,0.3902006529265106,0.24722407204099447,0.36257527503249487,0.3902006529265106
B78-0716173218,4,400 (100%),Leading edge strike,Direct,,2,0,region_4_5,region_1,0,False,0.5220990847621632,0.5220990847621632,0.2516316332322752,0.22626928200556168
B78-0717150829,3,400 (70%),Leading edge strike,Direct,,1,1,region_2_3,region_2_3,0,True,0.36102191258740307,0.3472662196402541,0.36102191258740307,0.29171186777234276
B79-0703134159,5,500 (100%),Leading edge strike,Indirect,,2,2,region_4_5,region_4_5,4,True,0.7956121288480681,0.11786167794668716,0.08652619320524488,0.7956121288480681
B79-0703185632,2,500 (100%),Leading edge strike,Indirect,,1,0,region_2_3,region_1,4,False,0.4869314820359707,0.4869314820359707,0.3613576772931188,0.1517108406709106
B79-0704112227,5,500 (100%),Leading edge strike,Direct,,2,2,region_4_5,region_4_5,1,True,0.5377917869724141,0.18886273400927697,0.27334547901830886,0.5377917869724141
B79-0716132503,3,400 (100%),Leading edge strike,Indirect,,1,2,region_2_3,region_4_5,2,False,0.5397162404945067,0.28643861459715025,0.17384514490834302,0.5397162404945067
